INSERT INTO Categorie (Nom, DateAjout) VALUES ('Électronique', SYSDATE);
INSERT INTO Categorie (Nom, DateAjout) VALUES ('Informatique', SYSDATE);
INSERT INTO Categorie (Nom, DateAjout) VALUES ('Électroménager', SYSDATE);
INSERT INTO Categorie (Nom, DateAjout) VALUES ('Mode Homme', SYSDATE);
INSERT INTO Categorie (Nom, DateAjout) VALUES ('Mode Femme', SYSDATE);
INSERT INTO Categorie (Nom, DateAjout) VALUES ('Livres', SYSDATE);
INSERT INTO Categorie (Nom, DateAjout) VALUES ('Sports', SYSDATE);
INSERT INTO Categorie (Nom, DateAjout) VALUES ('Cuisine', SYSDATE);
INSERT INTO Categorie (Nom, DateAjout) VALUES ('Jardin', SYSDATE);
INSERT INTO Categorie (Nom, DateAjout) VALUES ('Jeux Vidéo', SYSDATE);
INSERT INTO Categorie (Nom, DateAjout) VALUES ('Musique', SYSDATE);
INSERT INTO Categorie (Nom, DateAjout) VALUES ('Beauté', SYSDATE);
INSERT INTO Categorie (Nom, DateAjout) VALUES ('Jouets', SYSDATE);
INSERT INTO Categorie (Nom, DateAjout) VALUES ('Bricolage', SYSDATE);
INSERT INTO Categorie (Nom, DateAjout) VALUES ('Auto-Moto', SYSDATE);
INSERT INTO Categorie (Nom, DateAjout) VALUES ('Bureau', SYSDATE);
INSERT INTO Categorie (Nom, DateAjout) VALUES ('Animaux', SYSDATE);
INSERT INTO Categorie (Nom, DateAjout) VALUES ('Santé', SYSDATE);
INSERT INTO Categorie (Nom, DateAjout) VALUES ('Voyage', SYSDATE);
INSERT INTO Categorie (Nom, DateAjout) VALUES ('Artisanat', SYSDATE);
INSERT INTO Categorie (Nom, DateAjout) VALUES ('Bébés', SYSDATE);
INSERT INTO Categorie (Nom, DateAjout) VALUES ('Cinéma', SYSDATE);
INSERT INTO Categorie (Nom, DateAjout) VALUES ('Photographie', SYSDATE);
INSERT INTO Categorie (Nom, DateAjout) VALUES ('Domotique', SYSDATE);
INSERT INTO Categorie (Nom, DateAjout) VALUES ('Luxe', SYSDATE);
INSERT INTO Categorie (Nom, DateAjout) VALUES ('Papeterie', SYSDATE);
INSERT INTO Categorie (Nom, DateAjout) VALUES ('Mobilier', SYSDATE);
INSERT INTO Categorie (Nom, DateAjout) VALUES ('Literie', SYSDATE);
INSERT INTO Categorie (Nom, DateAjout) VALUES ('Bijouterie', SYSDATE);
INSERT INTO Categorie (Nom, DateAjout) VALUES ('Épicerie Fine', SYSDATE);

INSERT INTO SousCategorie (CategorieId, Nom, DateAjout) VALUES (1, 'Téléviseurs', SYSDATE);
INSERT INTO SousCategorie (CategorieId, Nom, DateAjout) VALUES (1, 'Smartphones', SYSDATE);
INSERT INTO SousCategorie (CategorieId, Nom, DateAjout) VALUES (2, 'Laptops', SYSDATE);
INSERT INTO SousCategorie (CategorieId, Nom, DateAjout) VALUES (2, 'Composants', SYSDATE);
INSERT INTO SousCategorie (CategorieId, Nom, DateAjout) VALUES (3, 'Réfrigérateurs', SYSDATE);
INSERT INTO SousCategorie (CategorieId, Nom, DateAjout) VALUES (3, 'Lave-linge', SYSDATE);
INSERT INTO SousCategorie (CategorieId, Nom, DateAjout) VALUES (4, 'Chaussures', SYSDATE);
INSERT INTO SousCategorie (CategorieId, Nom, DateAjout) VALUES (4, 'Chemises', SYSDATE);
INSERT INTO SousCategorie (CategorieId, Nom, DateAjout) VALUES (5, 'Robes', SYSDATE);
INSERT INTO SousCategorie (CategorieId, Nom, DateAjout) VALUES (5, 'Sacs', SYSDATE);
INSERT INTO SousCategorie (CategorieId, Nom, DateAjout) VALUES (6, 'Science-Fiction', SYSDATE);
INSERT INTO SousCategorie (CategorieId, Nom, DateAjout) VALUES (6, 'Histoire', SYSDATE);
INSERT INTO SousCategorie (CategorieId, Nom, DateAjout) VALUES (7, 'Fitness', SYSDATE);
INSERT INTO SousCategorie (CategorieId, Nom, DateAjout) VALUES (7, 'Cyclisme', SYSDATE);
INSERT INTO SousCategorie (CategorieId, Nom, DateAjout) VALUES (8, 'Ustensiles', SYSDATE);
INSERT INTO SousCategorie (CategorieId, Nom, DateAjout) VALUES (9, 'Outils', SYSDATE);
INSERT INTO SousCategorie (CategorieId, Nom, DateAjout) VALUES (10, 'Consoles', SYSDATE);
INSERT INTO SousCategorie (CategorieId, Nom, DateAjout) VALUES (11, 'Instruments', SYSDATE);
INSERT INTO SousCategorie (CategorieId, Nom, DateAjout) VALUES (12, 'Maquillage', SYSDATE);
INSERT INTO SousCategorie (CategorieId, Nom, DateAjout) VALUES (13, 'Éducatif', SYSDATE);
INSERT INTO SousCategorie (CategorieId, Nom, DateAjout) VALUES (14, 'Peinture', SYSDATE);
INSERT INTO SousCategorie (CategorieId, Nom, DateAjout) VALUES (15, 'Accessoires', SYSDATE);
INSERT INTO SousCategorie (CategorieId, Nom, DateAjout) VALUES (16, 'Fournitures', SYSDATE);
INSERT INTO SousCategorie (CategorieId, Nom, DateAjout) VALUES (17, 'Croquettes', SYSDATE);
INSERT INTO SousCategorie (CategorieId, Nom, DateAjout) VALUES (18, 'Vitamines', SYSDATE);
INSERT INTO SousCategorie (CategorieId, Nom, DateAjout) VALUES (19, 'Bagages', SYSDATE);
INSERT INTO SousCategorie (CategorieId, Nom, DateAjout) VALUES (23, 'Objectifs', SYSDATE);
INSERT INTO SousCategorie (CategorieId, Nom, DateAjout) VALUES (27, 'Canapés', SYSDATE);
INSERT INTO SousCategorie (CategorieId, Nom, DateAjout) VALUES (29, 'Montres', SYSDATE);
INSERT INTO SousCategorie (CategorieId, Nom, DateAjout) VALUES (30, 'Vins', SYSDATE);

INSERT INTO Fournisseur (Nom, Pays, NoteFournisseur) VALUES ('Sony', 'JP', 4.5);
INSERT INTO Fournisseur (Nom, Pays, NoteFournisseur) VALUES ('Samsung', 'KR', 4.2);
INSERT INTO Fournisseur (Nom, Pays, NoteFournisseur) VALUES ('Apple', 'US', 4.8);
INSERT INTO Fournisseur (Nom, Pays, NoteFournisseur) VALUES ('LG', 'KR', 4.0);
INSERT INTO Fournisseur (Nom, Pays, NoteFournisseur) VALUES ('Dell', 'US', 4.3);
INSERT INTO Fournisseur (Nom, Pays, NoteFournisseur) VALUES ('HP', 'US', 3.9);
INSERT INTO Fournisseur (Nom, Pays, NoteFournisseur) VALUES ('Lenovo', 'CN', 4.1);
INSERT INTO Fournisseur (Nom, Pays, NoteFournisseur) VALUES ('Asus', 'TW', 4.4);
INSERT INTO Fournisseur (Nom, Pays, NoteFournisseur) VALUES ('Acer', 'TW', 3.7);
INSERT INTO Fournisseur (Nom, Pays, NoteFournisseur) VALUES ('Xiaomi', 'CN', 3.5);
INSERT INTO Fournisseur (Nom, Pays, NoteFournisseur) VALUES ('Huawei', 'CN', 3.8);
INSERT INTO Fournisseur (Nom, Pays, NoteFournisseur) VALUES ('Philips', 'NL', 4.2);
INSERT INTO Fournisseur (Nom, Pays, NoteFournisseur) VALUES ('Bosch', 'DE', 4.6);
INSERT INTO Fournisseur (Nom, Pays, NoteFournisseur) VALUES ('Siemens', 'DE', 4.5);
INSERT INTO Fournisseur (Nom, Pays, NoteFournisseur) VALUES ('Whirlpool', 'US', 3.9);
INSERT INTO Fournisseur (Nom, Pays, NoteFournisseur) VALUES ('Electrolux', 'SE', 4.0);
INSERT INTO Fournisseur (Nom, Pays, NoteFournisseur) VALUES ('Panasonic', 'JP', 4.3);
INSERT INTO Fournisseur (Nom, Pays, NoteFournisseur) VALUES ('Sharp', 'JP', 3.8);
INSERT INTO Fournisseur (Nom, Pays, NoteFournisseur) VALUES ('Canon', 'JP', 4.7);
INSERT INTO Fournisseur (Nom, Pays, NoteFournisseur) VALUES ('Nikon', 'JP', 4.6);
INSERT INTO Fournisseur (Nom, Pays, NoteFournisseur) VALUES ('Adidas', 'DE', 4.5);
INSERT INTO Fournisseur (Nom, Pays, NoteFournisseur) VALUES ('Nike', 'US', 4.4);
INSERT INTO Fournisseur (Nom, Pays, NoteFournisseur) VALUES ('Puma', 'DE', 4.1);
INSERT INTO Fournisseur (Nom, Pays, NoteFournisseur) VALUES ('Decathlon', 'FR', 4.6);
INSERT INTO Fournisseur (Nom, Pays, NoteFournisseur) VALUES ('Hachette', 'FR', 4.2);
INSERT INTO Fournisseur (Nom, Pays, NoteFournisseur) VALUES ('Eyrolles', 'FR', 4.3);
INSERT INTO Fournisseur (Nom, Pays, NoteFournisseur) VALUES ('Ikea', 'SE', 4.4);
INSERT INTO Fournisseur (Nom, Pays, NoteFournisseur) VALUES ('Zara', 'ES', 4.0);
INSERT INTO Fournisseur (Nom, Pays, NoteFournisseur) VALUES ('H&M', 'SE', 3.9);
INSERT INTO Fournisseur (Nom, Pays, NoteFournisseur) VALUES ('Darty', 'FR', 4.1);

INSERT INTO Client (NomUtilisateur, Nom, Prenom, Adresse, Pays, aLocal) VALUES ('user1', 'Dupont', 'Jean', '12 rue de Paris', 'FR', 1);
INSERT INTO Client (NomUtilisateur, Nom, Prenom, Adresse, Pays, aLocal) VALUES ('user2', 'Smith', 'John', '5th Avenue', 'US', 0);
INSERT INTO Client (NomUtilisateur, Nom, Prenom, Adresse, Pays, aLocal) VALUES ('user3', 'Muller', 'Hans', 'Berlin Str.', 'DE', 1);
INSERT INTO Client (NomUtilisateur, Nom, Prenom, Adresse, Pays, aLocal) VALUES ('user4', 'Tanaka', 'Hiro', 'Tokyo Shinjuku', 'JP', 0);
INSERT INTO Client (NomUtilisateur, Nom, Prenom, Adresse, Pays, aLocal) VALUES ('user5', 'Rossi', 'Luca', 'Via Roma', 'IT', 1);
INSERT INTO Client (NomUtilisateur, Nom, Prenom, Adresse, Pays, aLocal) VALUES ('user6', 'Garcia', 'Maria', 'Calle Mayor', 'ES', 0);
INSERT INTO Client (NomUtilisateur, Nom, Prenom, Adresse, Pays, aLocal) VALUES ('user7', 'Chen', 'Wei', 'Beijing Rd', 'CN', 1);
INSERT INTO Client (NomUtilisateur, Nom, Prenom, Adresse, Pays, aLocal) VALUES ('user8', 'Kim', 'Ji', 'Seoul G-nam', 'KR', 0);
INSERT INTO Client (NomUtilisateur, Nom, Prenom, Adresse, Pays, aLocal) VALUES ('user9', 'Brown', 'Lucy', 'London St', 'GB', 1);
INSERT INTO Client (NomUtilisateur, Nom, Prenom, Adresse, Pays, aLocal) VALUES ('user10', 'Lee', 'Min', 'Busan Rd', 'KR', 1);
INSERT INTO Client (NomUtilisateur, Nom, Prenom, Adresse, Pays, aLocal) VALUES ('user11', 'Lefebvre', 'Alice', 'Lyon rue', 'FR', 0);
INSERT INTO Client (NomUtilisateur, Nom, Prenom, Adresse, Pays, aLocal) VALUES ('user12', 'Schmidt', 'Petra', 'Hamburg Way', 'DE', 0);
INSERT INTO Client (NomUtilisateur, Nom, Prenom, Adresse, Pays, aLocal) VALUES ('user13', 'Suzuki', 'Ichiro', 'Osaka St', 'JP', 1);
INSERT INTO Client (NomUtilisateur, Nom, Prenom, Adresse, Pays, aLocal) VALUES ('user14', 'Wilson', 'Robert', 'NY Broadway', 'US', 1);
INSERT INTO Client (NomUtilisateur, Nom, Prenom, Adresse, Pays, aLocal) VALUES ('user15', 'Petit', 'Marie', 'Marseille', 'FR', 1);
INSERT INTO Client (NomUtilisateur, Nom, Prenom, Adresse, Pays, aLocal) VALUES ('user16', 'Wagner', 'Karl', 'Munich Sq', 'DE', 1);
INSERT INTO Client (NomUtilisateur, Nom, Prenom, Adresse, Pays, aLocal) VALUES ('user17', 'Martin', 'Paul', 'Bordeaux St', 'FR', 0);
INSERT INTO Client (NomUtilisateur, Nom, Prenom, Adresse, Pays, aLocal) VALUES ('user18', 'Kovacs', 'Jan', 'Budapest', 'HU', 0);
INSERT INTO Client (NomUtilisateur, Nom, Prenom, Adresse, Pays, aLocal) VALUES ('user19', 'Silva', 'Ana', 'Lisbon Rd', 'PT', 1);
INSERT INTO Client (NomUtilisateur, Nom, Prenom, Adresse, Pays, aLocal) VALUES ('user20', 'Lopez', 'Jose', 'Madrid Pl', 'ES', 1);
INSERT INTO Client (NomUtilisateur, Nom, Prenom, Adresse, Pays, aLocal) VALUES ('user21', 'Abe', 'Shin', 'Kyoto Sq', 'JP', 0);
INSERT INTO Client (NomUtilisateur, Nom, Prenom, Adresse, Pays, aLocal) VALUES ('user22', 'Andersson', 'Erik', 'Stockholm', 'SE', 0);
INSERT INTO Client (NomUtilisateur, Nom, Prenom, Adresse, Pays, aLocal) VALUES ('user23', 'Novak', 'Elena', 'Prague', 'CZ', 1);
INSERT INTO Client (NomUtilisateur, Nom, Prenom, Adresse, Pays, aLocal) VALUES ('user24', 'Bakker', 'Lars', 'Amsterdam', 'NL', 1);
INSERT INTO Client (NomUtilisateur, Nom, Prenom, Adresse, Pays, aLocal) VALUES ('user25', 'Nielsen', 'Mads', 'Copenhagen', 'DK', 0);
INSERT INTO Client (NomUtilisateur, Nom, Prenom, Adresse, Pays, aLocal) VALUES ('user26', 'Santos', 'Joao', 'Porto', 'PT', 0);
INSERT INTO Client (NomUtilisateur, Nom, Prenom, Adresse, Pays, aLocal) VALUES ('user27', 'Ferrari', 'Enzo', 'Milan', 'IT', 1);
INSERT INTO Client (NomUtilisateur, Nom, Prenom, Adresse, Pays, aLocal) VALUES ('user28', 'Dubois', 'Emma', 'Nice', 'FR', 1);
INSERT INTO Client (NomUtilisateur, Nom, Prenom, Adresse, Pays, aLocal) VALUES ('user29', 'Weber', 'Otto', 'Zurich', 'CH', 0);
INSERT INTO Client (NomUtilisateur, Nom, Prenom, Adresse, Pays, aLocal) VALUES ('user30', 'Hansen', 'Finn', 'Oslo', 'NO', 1);

INSERT INTO Produit (FournisseurId, CategorieSousCategorieId, Nom, Prix, NoteProduit) VALUES (1, 31, 'Bravia XR 55', 899.00, 4.5);
INSERT INTO Produit (FournisseurId, CategorieSousCategorieId, Nom, Prix, NoteProduit) VALUES (2, 32, 'Galaxy S23', 799.00, 4.3);
INSERT INTO Produit (FournisseurId, CategorieSousCategorieId, Nom, Prix, NoteProduit) VALUES (3, 32, 'iPhone 15', 999.00, 4.7);
INSERT INTO Produit (FournisseurId, CategorieSousCategorieId, Nom, Prix, NoteProduit) VALUES (5, 33, 'XPS 13', 1200.00, 4.4);
INSERT INTO Produit (FournisseurId, CategorieSousCategorieId, Nom, Prix, NoteProduit) VALUES (6, 33, 'Envy x360', 850.00, 4.1);
INSERT INTO Produit (FournisseurId, CategorieSousCategorieId, Nom, Prix, NoteProduit) VALUES (8, 34, 'Zenbook Duo', 1500.00, 4.6);
INSERT INTO Produit (FournisseurId, CategorieSousCategorieId, Nom, Prix, NoteProduit) VALUES (13, 35, 'Serie 6 NoFrost', 600.00, 4.5);
INSERT INTO Produit (FournisseurId, CategorieSousCategorieId, Nom, Prix, NoteProduit) VALUES (14, 36, 'iQ500 Lavante', 700.00, 4.2);
INSERT INTO Produit (FournisseurId, CategorieSousCategorieId, Nom, Prix, NoteProduit) VALUES (21, 37, 'Ultraboost 22', 180.00, 4.8);
INSERT INTO Produit (FournisseurId, CategorieSousCategorieId, Nom, Prix, NoteProduit) VALUES (22, 37, 'Air Max 270', 150.00, 4.6);
INSERT INTO Produit (FournisseurId, CategorieSousCategorieId, Nom, Prix, NoteProduit) VALUES (28, 38, 'Chemise Slim Fit', 45.00, 4.0);
INSERT INTO Produit (FournisseurId, CategorieSousCategorieId, Nom, Prix, NoteProduit) VALUES (29, 39, 'Robe été Fleurie', 39.00, 4.1);
INSERT INTO Produit (FournisseurId, CategorieSousCategorieId, Nom, Prix, NoteProduit) VALUES (25, 41, 'Fondation Isaac Asimov', 22.00, 4.9);
INSERT INTO Produit (FournisseurId, CategorieSousCategorieId, Nom, Prix, NoteProduit) VALUES (26, 42, 'Le Mythe de Sisyphe', 12.00, 4.7);
INSERT INTO Produit (FournisseurId, CategorieSousCategorieId, Nom, Prix, NoteProduit) VALUES (24, 43, 'Tapis Yoga 5mm', 25.00, 4.3);
INSERT INTO Produit (FournisseurId, CategorieSousCategorieId, Nom, Prix, NoteProduit) VALUES (24, 44, 'VTT Rockrider', 450.00, 4.5);
INSERT INTO Produit (FournisseurId, CategorieSousCategorieId, Nom, Prix, NoteProduit) VALUES (12, 45, 'Mixeur Plongeant', 55.00, 4.0);
INSERT INTO Produit (FournisseurId, CategorieSousCategorieId, Nom, Prix, NoteProduit) VALUES (13, 46, 'Perceuse Sans Fil', 120.00, 4.7);
INSERT INTO Produit (FournisseurId, CategorieSousCategorieId, Nom, Prix, NoteProduit) VALUES (1, 47, 'PlayStation 5', 499.00, 4.9);
INSERT INTO Produit (FournisseurId, CategorieSousCategorieId, Nom, Prix, NoteProduit) VALUES (17, 48, 'Piano Numérique', 800.00, 4.5);
INSERT INTO Produit (FournisseurId, CategorieSousCategorieId, Nom, Prix, NoteProduit) VALUES (10, 49, 'Palette Maquillage', 35.00, 4.2);
INSERT INTO Produit (FournisseurId, CategorieSousCategorieId, Nom, Prix, NoteProduit) VALUES (25, 50, 'Puzzle 1000 pièces', 15.00, 4.6);
INSERT INTO Produit (FournisseurId, CategorieSousCategorieId, Nom, Prix, NoteProduit) VALUES (19, 57, 'Objectif 50mm f/1.8', 200.00, 4.8);
INSERT INTO Produit (FournisseurId, CategorieSousCategorieId, Nom, Prix, NoteProduit) VALUES (27, 58, 'Canapé 3 places', 600.00, 4.3);
INSERT INTO Produit (FournisseurId, CategorieSousCategorieId, Nom, Prix, NoteProduit) VALUES (1, 59, 'Montre Connectée', 250.00, 4.4);
INSERT INTO Produit (FournisseurId, CategorieSousCategorieId, Nom, Prix, NoteProduit) VALUES (30, 60, 'Château Margaux', 350.00, 5.0);
INSERT INTO Produit (FournisseurId, CategorieSousCategorieId, Nom, Prix, NoteProduit) VALUES (11, 32, 'P60 Pro', 750.00, 4.1);
INSERT INTO Produit (FournisseurId, CategorieSousCategorieId, Nom, Prix, NoteProduit) VALUES (20, 57, 'Z6 II Body', 1800.00, 4.7);
INSERT INTO Produit (FournisseurId, CategorieSousCategorieId, Nom, Prix, NoteProduit) VALUES (10, 32, 'Redmi Note 12', 200.00, 4.0);
INSERT INTO Produit (FournisseurId, CategorieSousCategorieId, Nom, Prix, NoteProduit) VALUES (3, 33, 'MacBook Air', 1100.00, 4.8);

INSERT INTO Commande (ClientId, DateCommande, PrixTotal) VALUES (1, TO_DATE('2025-11-01', 'YYYY-MM-DD'), 0);
INSERT INTO Commande (ClientId, DateCommande, PrixTotal) VALUES (2, TO_DATE('2025-11-02', 'YYYY-MM-DD'), 0);
INSERT INTO Commande (ClientId, DateCommande, PrixTotal) VALUES (3, TO_DATE('2025-11-03', 'YYYY-MM-DD'), 0);
INSERT INTO Commande (ClientId, DateCommande, PrixTotal) VALUES (4, TO_DATE('2025-11-04', 'YYYY-MM-DD'), 0);
INSERT INTO Commande (ClientId, DateCommande, PrixTotal) VALUES (5, TO_DATE('2025-11-05', 'YYYY-MM-DD'), 0);
INSERT INTO Commande (ClientId, DateCommande, PrixTotal) VALUES (6, TO_DATE('2025-11-06', 'YYYY-MM-DD'), 0);
INSERT INTO Commande (ClientId, DateCommande, PrixTotal) VALUES (7, TO_DATE('2025-11-07', 'YYYY-MM-DD'), 0);
INSERT INTO Commande (ClientId, DateCommande, PrixTotal) VALUES (8, TO_DATE('2025-11-08', 'YYYY-MM-DD'), 0);
INSERT INTO Commande (ClientId, DateCommande, PrixTotal) VALUES (9, TO_DATE('2025-11-09', 'YYYY-MM-DD'), 0);
INSERT INTO Commande (ClientId, DateCommande, PrixTotal) VALUES (10, TO_DATE('2025-11-10', 'YYYY-MM-DD'), 0);
INSERT INTO Commande (ClientId, DateCommande, PrixTotal) VALUES (11, TO_DATE('2025-11-12', 'YYYY-MM-DD'), 0);
INSERT INTO Commande (ClientId, DateCommande, PrixTotal) VALUES (12, TO_DATE('2025-11-15', 'YYYY-MM-DD'), 0);
INSERT INTO Commande (ClientId, DateCommande, PrixTotal) VALUES (13, TO_DATE('2025-11-18', 'YYYY-MM-DD'), 0);
INSERT INTO Commande (ClientId, DateCommande, PrixTotal) VALUES (14, TO_DATE('2025-11-20', 'YYYY-MM-DD'), 0);
INSERT INTO Commande (ClientId, DateCommande, PrixTotal) VALUES (15, TO_DATE('2025-11-22', 'YYYY-MM-DD'), 0);
INSERT INTO Commande (ClientId, DateCommande, PrixTotal) VALUES (16, TO_DATE('2025-11-25', 'YYYY-MM-DD'), 0);
INSERT INTO Commande (ClientId, DateCommande, PrixTotal) VALUES (17, TO_DATE('2025-11-28', 'YYYY-MM-DD'), 0);
INSERT INTO Commande (ClientId, DateCommande, PrixTotal) VALUES (18, TO_DATE('2025-12-01', 'YYYY-MM-DD'), 0);
INSERT INTO Commande (ClientId, DateCommande, PrixTotal) VALUES (19, TO_DATE('2025-12-02', 'YYYY-MM-DD'), 0);
INSERT INTO Commande (ClientId, DateCommande, PrixTotal) VALUES (20, TO_DATE('2025-12-03', 'YYYY-MM-DD'), 0);
INSERT INTO Commande (ClientId, DateCommande, PrixTotal) VALUES (21, TO_DATE('2025-12-04', 'YYYY-MM-DD'), 0);
INSERT INTO Commande (ClientId, DateCommande, PrixTotal) VALUES (22, TO_DATE('2025-12-05', 'YYYY-MM-DD'), 0);
INSERT INTO Commande (ClientId, DateCommande, PrixTotal) VALUES (23, TO_DATE('2025-12-06', 'YYYY-MM-DD'), 0);
INSERT INTO Commande (ClientId, DateCommande, PrixTotal) VALUES (24, TO_DATE('2025-12-07', 'YYYY-MM-DD'), 0);
INSERT INTO Commande (ClientId, DateCommande, PrixTotal) VALUES (25, TO_DATE('2025-12-08', 'YYYY-MM-DD'), 0);
INSERT INTO Commande (ClientId, DateCommande, PrixTotal) VALUES (26, TO_DATE('2025-12-09', 'YYYY-MM-DD'), 0);
INSERT INTO Commande (ClientId, DateCommande, PrixTotal) VALUES (27, TO_DATE('2025-12-10', 'YYYY-MM-DD'), 0);
INSERT INTO Commande (ClientId, DateCommande, PrixTotal) VALUES (28, TO_DATE('2025-12-11', 'YYYY-MM-DD'), 0);
INSERT INTO Commande (ClientId, DateCommande, PrixTotal) VALUES (29, TO_DATE('2025-12-12', 'YYYY-MM-DD'), 0);
INSERT INTO Commande (ClientId, DateCommande, PrixTotal) VALUES (30, TO_DATE('2025-12-13', 'YYYY-MM-DD'), 0);

INSERT INTO ProduitCommande (CommandeId, ProduitId, Quantite, Prix) VALUES (1, 1, 1, 0);
INSERT INTO ProduitCommande (CommandeId, ProduitId, Quantite, Prix) VALUES (2, 2, 1, 0);
INSERT INTO ProduitCommande (CommandeId, ProduitId, Quantite, Prix) VALUES (3, 3, 2, 0);
INSERT INTO ProduitCommande (CommandeId, ProduitId, Quantite, Prix) VALUES (4, 4, 1, 0);
INSERT INTO ProduitCommande (CommandeId, ProduitId, Quantite, Prix) VALUES (5, 5, 1, 0);
INSERT INTO ProduitCommande (CommandeId, ProduitId, Quantite, Prix) VALUES (6, 19, 1, 0);
INSERT INTO ProduitCommande (CommandeId, ProduitId, Quantite, Prix) VALUES (7, 20, 1, 0);
INSERT INTO ProduitCommande (CommandeId, ProduitId, Quantite, Prix) VALUES (8, 21, 2, 0);
INSERT INTO ProduitCommande (CommandeId, ProduitId, Quantite, Prix) VALUES (9, 22, 1, 0);
INSERT INTO ProduitCommande (CommandeId, ProduitId, Quantite, Prix) VALUES (10, 23, 1, 0);
INSERT INTO ProduitCommande (CommandeId, ProduitId, Quantite, Prix) VALUES (11, 24, 1, 0);
INSERT INTO ProduitCommande (CommandeId, ProduitId, Quantite, Prix) VALUES (12, 25, 3, 0);
INSERT INTO ProduitCommande (CommandeId, ProduitId, Quantite, Prix) VALUES (13, 26, 1, 0);
INSERT INTO ProduitCommande (CommandeId, ProduitId, Quantite, Prix) VALUES (14, 27, 1, 0);
INSERT INTO ProduitCommande (CommandeId, ProduitId, Quantite, Prix) VALUES (15, 28, 1, 0);
INSERT INTO ProduitCommande (CommandeId, ProduitId, Quantite, Prix) VALUES (16, 29, 2, 0);
INSERT INTO ProduitCommande (CommandeId, ProduitId, Quantite, Prix) VALUES (17, 30, 1, 0);
INSERT INTO ProduitCommande (CommandeId, ProduitId, Quantite, Prix) VALUES (18, 1, 1, 0);
INSERT INTO ProduitCommande (CommandeId, ProduitId, Quantite, Prix) VALUES (19, 2, 1, 0);
INSERT INTO ProduitCommande (CommandeId, ProduitId, Quantite, Prix) VALUES (20, 3, 1, 0);
INSERT INTO ProduitCommande (CommandeId, ProduitId, Quantite, Prix) VALUES (21, 5, 1, 0);
INSERT INTO ProduitCommande (CommandeId, ProduitId, Quantite, Prix) VALUES (22, 7, 1, 0);
INSERT INTO ProduitCommande (CommandeId, ProduitId, Quantite, Prix) VALUES (23, 9, 1, 0);
INSERT INTO ProduitCommande (CommandeId, ProduitId, Quantite, Prix) VALUES (24, 11, 1, 0);
INSERT INTO ProduitCommande (CommandeId, ProduitId, Quantite, Prix) VALUES (25, 13, 1, 0);
INSERT INTO ProduitCommande (CommandeId, ProduitId, Quantite, Prix) VALUES (26, 15, 1, 0);
INSERT INTO ProduitCommande (CommandeId, ProduitId, Quantite, Prix) VALUES (27, 17, 1, 0);
INSERT INTO ProduitCommande (CommandeId, ProduitId, Quantite, Prix) VALUES (28, 18, 1, 0);
INSERT INTO ProduitCommande (CommandeId, ProduitId, Quantite, Prix) VALUES (29, 10, 2, 0);
INSERT INTO ProduitCommande (CommandeId, ProduitId, Quantite, Prix) VALUES (30, 12, 1, 0);

INSERT INTO NoteProduit (ClientId, ProduitId, Note) VALUES (1, 1, 5);
INSERT INTO NoteProduit (ClientId, ProduitId, Note) VALUES (2, 2, 4);
INSERT INTO NoteProduit (ClientId, ProduitId, Note) VALUES (3, 3, 5);
INSERT INTO NoteProduit (ClientId, ProduitId, Note) VALUES (4, 4, 4);
INSERT INTO NoteProduit (ClientId, ProduitId, Note) VALUES (5, 5, 3);
INSERT INTO NoteProduit (ClientId, ProduitId, Note) VALUES (6, 19, 5);
INSERT INTO NoteProduit (ClientId, ProduitId, Note) VALUES (7, 20, 4);
INSERT INTO NoteProduit (ClientId, ProduitId, Note) VALUES (8, 21, 5);
INSERT INTO NoteProduit (ClientId, ProduitId, Note) VALUES (9, 22, 4);
INSERT INTO NoteProduit (ClientId, ProduitId, Note) VALUES (10, 23, 3);
INSERT INTO NoteProduit (ClientId, ProduitId, Note) VALUES (11, 24, 5);
INSERT INTO NoteProduit (ClientId, ProduitId, Note) VALUES (12, 25, 4);
INSERT INTO NoteProduit (ClientId, ProduitId, Note) VALUES (13, 26, 4);
INSERT INTO NoteProduit (ClientId, ProduitId, Note) VALUES (14, 27, 5);
INSERT INTO NoteProduit (ClientId, ProduitId, Note) VALUES (15, 28, 4);
INSERT INTO NoteProduit (ClientId, ProduitId, Note) VALUES (16, 29, 3);
INSERT INTO NoteProduit (ClientId, ProduitId, Note) VALUES (17, 30, 5);
INSERT INTO NoteProduit (ClientId, ProduitId, Note) VALUES (1, 10, 4);
INSERT INTO NoteProduit (ClientId, ProduitId, Note) VALUES (2, 12, 4);
INSERT INTO NoteProduit (ClientId, ProduitId, Note) VALUES (3, 14, 5);
INSERT INTO NoteProduit (ClientId, ProduitId, Note) VALUES (4, 16, 2);
INSERT INTO NoteProduit (ClientId, ProduitId, Note) VALUES (5, 18, 4);
INSERT INTO NoteProduit (ClientId, ProduitId, Note) VALUES (6, 2, 5);
INSERT INTO NoteProduit (ClientId, ProduitId, Note) VALUES (7, 4, 4);
INSERT INTO NoteProduit (ClientId, ProduitId, Note) VALUES (8, 6, 5);
INSERT INTO NoteProduit (ClientId, ProduitId, Note) VALUES (9, 8, 4);
INSERT INTO NoteProduit (ClientId, ProduitId, Note) VALUES (10, 10, 3);
INSERT INTO NoteProduit (ClientId, ProduitId, Note) VALUES (11, 1, 5);
INSERT INTO NoteProduit (ClientId, ProduitId, Note) VALUES (12, 3, 5);
INSERT INTO NoteProduit (ClientId, ProduitId, Note) VALUES (13, 5, 4);

INSERT INTO SouhaiteAcheter (ClientId, ProduitId, Quantite, Prix) VALUES (1, 10, 3, 0);
INSERT INTO SouhaiteAcheter (ClientId, ProduitId, Quantite, Prix) VALUES (2, 11, 1, 0);
INSERT INTO SouhaiteAcheter (ClientId, ProduitId, Quantite, Prix) VALUES (3, 12, 1, 0);
INSERT INTO SouhaiteAcheter (ClientId, ProduitId, Quantite, Prix) VALUES (4, 13, 2, 0);
INSERT INTO SouhaiteAcheter (ClientId, ProduitId, Quantite, Prix) VALUES (5, 14, 1, 0);
INSERT INTO SouhaiteAcheter (ClientId, ProduitId, Quantite, Prix) VALUES (6, 1, 1, 0);
INSERT INTO SouhaiteAcheter (ClientId, ProduitId, Quantite, Prix) VALUES (7, 2, 3, 0);
INSERT INTO SouhaiteAcheter (ClientId, ProduitId, Quantite, Prix) VALUES (8, 3, 1, 0);
INSERT INTO SouhaiteAcheter (ClientId, ProduitId, Quantite, Prix) VALUES (9, 4, 1, 0);
INSERT INTO SouhaiteAcheter (ClientId, ProduitId, Quantite, Prix) VALUES (10, 5, 2, 0);
INSERT INTO SouhaiteAcheter (ClientId, ProduitId, Quantite, Prix) VALUES (11, 6, 1, 0);
INSERT INTO SouhaiteAcheter (ClientId, ProduitId, Quantite, Prix) VALUES (12, 7, 1, 0);
INSERT INTO SouhaiteAcheter (ClientId, ProduitId, Quantite, Prix) VALUES (13, 8, 1, 0);
INSERT INTO SouhaiteAcheter (ClientId, ProduitId, Quantite, Prix) VALUES (14, 9, 3, 0);
INSERT INTO SouhaiteAcheter (ClientId, ProduitId, Quantite, Prix) VALUES (15, 10, 1, 0);
INSERT INTO SouhaiteAcheter (ClientId, ProduitId, Quantite, Prix) VALUES (16, 20, 1, 0);
INSERT INTO SouhaiteAcheter (ClientId, ProduitId, Quantite, Prix) VALUES (17, 21, 1, 0);
INSERT INTO SouhaiteAcheter (ClientId, ProduitId, Quantite, Prix) VALUES (18, 22, 1, 0);
INSERT INTO SouhaiteAcheter (ClientId, ProduitId, Quantite, Prix) VALUES (19, 23, 2, 0);
INSERT INTO SouhaiteAcheter (ClientId, ProduitId, Quantite, Prix) VALUES (20, 24, 1, 0);
INSERT INTO SouhaiteAcheter (ClientId, ProduitId, Quantite, Prix) VALUES (21, 25, 1, 0);
INSERT INTO SouhaiteAcheter (ClientId, ProduitId, Quantite, Prix) VALUES (22, 26, 1, 0);
INSERT INTO SouhaiteAcheter (ClientId, ProduitId, Quantite, Prix) VALUES (23, 27, 3, 0);
INSERT INTO SouhaiteAcheter (ClientId, ProduitId, Quantite, Prix) VALUES (24, 28, 1, 0);
INSERT INTO SouhaiteAcheter (ClientId, ProduitId, Quantite, Prix) VALUES (25, 29, 1, 0);
INSERT INTO SouhaiteAcheter (ClientId, ProduitId, Quantite, Prix) VALUES (26, 30, 1, 0);
INSERT INTO SouhaiteAcheter (ClientId, ProduitId, Quantite, Prix) VALUES (27, 1, 1, 0);
INSERT INTO SouhaiteAcheter (ClientId, ProduitId, Quantite, Prix) VALUES (28, 2, 1, 0);
INSERT INTO SouhaiteAcheter (ClientId, ProduitId, Quantite, Prix) VALUES (29, 3, 1, 0);
INSERT INTO SouhaiteAcheter (ClientId, ProduitId, Quantite, Prix) VALUES (30, 4, 1, 0);

INSERT INTO ProduitPays (Nom, ProduitId) VALUES ('FR', 1);
INSERT INTO ProduitPays (Nom, ProduitId) VALUES ('FR', 10);
INSERT INTO ProduitPays (Nom, ProduitId) VALUES ('FR', 24);
INSERT INTO ProduitPays (Nom, ProduitId) VALUES ('FR', 25);
INSERT INTO ProduitPays (Nom, ProduitId) VALUES ('US', 2);
INSERT INTO ProduitPays (Nom, ProduitId) VALUES ('US', 3);
INSERT INTO ProduitPays (Nom, ProduitId) VALUES ('US', 5);
INSERT INTO ProduitPays (Nom, ProduitId) VALUES ('DE', 13);
INSERT INTO ProduitPays (Nom, ProduitId) VALUES ('DE', 21);
INSERT INTO ProduitPays (Nom, ProduitId) VALUES ('JP', 1);
INSERT INTO ProduitPays (Nom, ProduitId) VALUES ('JP', 17);
INSERT INTO ProduitPays (Nom, ProduitId) VALUES ('JP', 19);
INSERT INTO ProduitPays (Nom, ProduitId) VALUES ('KR', 2);
INSERT INTO ProduitPays (Nom, ProduitId) VALUES ('KR', 4);
INSERT INTO ProduitPays (Nom, ProduitId) VALUES ('IT', 27);
INSERT INTO ProduitPays (Nom, ProduitId) VALUES ('ES', 28);
INSERT INTO ProduitPays (Nom, ProduitId) VALUES ('SE', 29);
INSERT INTO ProduitPays (Nom, ProduitId) VALUES ('NL', 12);
-- On ajoute quelques doublons de pays pour simuler l'import international
INSERT INTO ProduitPays (Nom, ProduitId) VALUES ('FR', 13);
INSERT INTO ProduitPays (Nom, ProduitId) VALUES ('FR', 21);
INSERT INTO ProduitPays (Nom, ProduitId) VALUES ('US', 19);
INSERT INTO ProduitPays (Nom, ProduitId) VALUES ('DE', 14);
INSERT INTO ProduitPays (Nom, ProduitId) VALUES ('FR', 30);
INSERT INTO ProduitPays (Nom, ProduitId) VALUES ('BE', 30);
INSERT INTO ProduitPays (Nom, ProduitId) VALUES ('CH', 30);
INSERT INTO ProduitPays (Nom, ProduitId) VALUES ('FR', 19);
INSERT INTO ProduitPays (Nom, ProduitId) VALUES ('IT', 1);
INSERT INTO ProduitPays (Nom, ProduitId) VALUES ('ES', 2);
INSERT INTO ProduitPays (Nom, ProduitId) VALUES ('FR', 5);
INSERT INTO ProduitPays (Nom, ProduitId) VALUES ('UK', 3);

INSERT INTO Recommandation (ClientId, CSCId, DateHeure) VALUES (1, 1, SYSDATE);
INSERT INTO Recommandation (ClientId, CSCId, DateHeure) VALUES (2, 2, SYSDATE);
INSERT INTO Recommandation (ClientId, CSCId, DateHeure) VALUES (3, 3, SYSDATE);
INSERT INTO Recommandation (ClientId, CSCId, DateHeure) VALUES (4, 4, SYSDATE);
INSERT INTO Recommandation (ClientId, CSCId, DateHeure) VALUES (5, 5, SYSDATE);
INSERT INTO Recommandation (ClientId, CSCId, DateHeure) VALUES (6, 6, SYSDATE);
INSERT INTO Recommandation (ClientId, CSCId, DateHeure) VALUES (7, 7, SYSDATE);
INSERT INTO Recommandation (ClientId, CSCId, DateHeure) VALUES (8, 8, SYSDATE);
INSERT INTO Recommandation (ClientId, CSCId, DateHeure) VALUES (9, 9, SYSDATE);
INSERT INTO Recommandation (ClientId, CSCId, DateHeure) VALUES (10, 10, SYSDATE);
INSERT INTO Recommandation (ClientId, CSCId, DateHeure) VALUES (11, 11, SYSDATE);
INSERT INTO Recommandation (ClientId, CSCId, DateHeure) VALUES (12, 12, SYSDATE);
INSERT INTO Recommandation (ClientId, CSCId, DateHeure) VALUES (13, 13, SYSDATE);
INSERT INTO Recommandation (ClientId, CSCId, DateHeure) VALUES (14, 14, SYSDATE);
INSERT INTO Recommandation (ClientId, CSCId, DateHeure) VALUES (15, 15, SYSDATE);
INSERT INTO Recommandation (ClientId, CSCId, DateHeure) VALUES (16, 1, SYSDATE-1);
INSERT INTO Recommandation (ClientId, CSCId, DateHeure) VALUES (17, 2, SYSDATE-1);
INSERT INTO Recommandation (ClientId, CSCId, DateHeure) VALUES (18, 3, SYSDATE-1);
INSERT INTO Recommandation (ClientId, CSCId, DateHeure) VALUES (19, 4, SYSDATE-1);
INSERT INTO Recommandation (ClientId, CSCId, DateHeure) VALUES (20, 5, SYSDATE-1);
INSERT INTO Recommandation (ClientId, CSCId, DateHeure) VALUES (21, 6, SYSDATE-2);
INSERT INTO Recommandation (ClientId, CSCId, DateHeure) VALUES (22, 7, SYSDATE-2);
INSERT INTO Recommandation (ClientId, CSCId, DateHeure) VALUES (23, 8, SYSDATE-2);
INSERT INTO Recommandation (ClientId, CSCId, DateHeure) VALUES (24, 9, SYSDATE-2);
INSERT INTO Recommandation (ClientId, CSCId, DateHeure) VALUES (25, 10, SYSDATE-2);
INSERT INTO Recommandation (ClientId, CSCId, DateHeure) VALUES (26, 11, SYSDATE-3);
INSERT INTO Recommandation (ClientId, CSCId, DateHeure) VALUES (27, 12, SYSDATE-3);
INSERT INTO Recommandation (ClientId, CSCId, DateHeure) VALUES (28, 13, SYSDATE-3);
INSERT INTO Recommandation (ClientId, CSCId, DateHeure) VALUES (29, 14, SYSDATE-3);
INSERT INTO Recommandation (ClientId, CSCId, DateHeure) VALUES (30, 15, SYSDATE-3);

INSERT INTO RecommandationProduit (RecommandationId, ProduitId) VALUES (1, 1);
INSERT INTO RecommandationProduit (RecommandationId, ProduitId) VALUES (2, 2);
INSERT INTO RecommandationProduit (RecommandationId, ProduitId) VALUES (3, 3);
INSERT INTO RecommandationProduit (RecommandationId, ProduitId) VALUES (4, 4);
INSERT INTO RecommandationProduit (RecommandationId, ProduitId) VALUES (5, 5);
INSERT INTO RecommandationProduit (RecommandationId, ProduitId) VALUES (6, 6);
INSERT INTO RecommandationProduit (RecommandationId, ProduitId) VALUES (7, 7);
INSERT INTO RecommandationProduit (RecommandationId, ProduitId) VALUES (8, 8);
INSERT INTO RecommandationProduit (RecommandationId, ProduitId) VALUES (9, 9);
INSERT INTO RecommandationProduit (RecommandationId, ProduitId) VALUES (10, 10);
INSERT INTO RecommandationProduit (RecommandationId, ProduitId) VALUES (11, 11);
INSERT INTO RecommandationProduit (RecommandationId, ProduitId) VALUES (12, 12);
INSERT INTO RecommandationProduit (RecommandationId, ProduitId) VALUES (13, 13);
INSERT INTO RecommandationProduit (RecommandationId, ProduitId) VALUES (14, 14);
INSERT INTO RecommandationProduit (RecommandationId, ProduitId) VALUES (15, 15);
INSERT INTO RecommandationProduit (RecommandationId, ProduitId) VALUES (16, 19);
INSERT INTO RecommandationProduit (RecommandationId, ProduitId) VALUES (17, 20);
INSERT INTO RecommandationProduit (RecommandationId, ProduitId) VALUES (18, 21);
INSERT INTO RecommandationProduit (RecommandationId, ProduitId) VALUES (19, 22);
INSERT INTO RecommandationProduit (RecommandationId, ProduitId) VALUES (20, 23);
INSERT INTO RecommandationProduit (RecommandationId, ProduitId) VALUES (21, 24);
INSERT INTO RecommandationProduit (RecommandationId, ProduitId) VALUES (22, 25);
INSERT INTO RecommandationProduit (RecommandationId, ProduitId) VALUES (23, 26);
INSERT INTO RecommandationProduit (RecommandationId, ProduitId) VALUES (24, 27);
INSERT INTO RecommandationProduit (RecommandationId, ProduitId) VALUES (25, 28);
INSERT INTO RecommandationProduit (RecommandationId, ProduitId) VALUES (26, 29);
INSERT INTO RecommandationProduit (RecommandationId, ProduitId) VALUES (27, 30);
INSERT INTO RecommandationProduit (RecommandationId, ProduitId) VALUES (28, 1);
INSERT INTO RecommandationProduit (RecommandationId, ProduitId) VALUES (29, 2);
INSERT INTO RecommandationProduit (RecommandationId, ProduitId) VALUES (30, 3);

INSERT INTO Favori (ClientId, CategorieSousCategorieId) VALUES (1, 1);
INSERT INTO Favori (ClientId, CategorieSousCategorieId) VALUES (2, 2);
INSERT INTO Favori (ClientId, CategorieSousCategorieId) VALUES (3, 3);
INSERT INTO Favori (ClientId, CategorieSousCategorieId) VALUES (4, 4);
INSERT INTO Favori (ClientId, CategorieSousCategorieId) VALUES (5, 5);
INSERT INTO Favori (ClientId, CategorieSousCategorieId) VALUES (6, 6);
INSERT INTO Favori (ClientId, CategorieSousCategorieId) VALUES (7, 7);
INSERT INTO Favori (ClientId, CategorieSousCategorieId) VALUES (8, 8);
INSERT INTO Favori (ClientId, CategorieSousCategorieId) VALUES (9, 9);
INSERT INTO Favori (ClientId, CategorieSousCategorieId) VALUES (10, 10);
INSERT INTO Favori (ClientId, CategorieSousCategorieId) VALUES (11, 11);
INSERT INTO Favori (ClientId, CategorieSousCategorieId) VALUES (12, 12);
INSERT INTO Favori (ClientId, CategorieSousCategorieId) VALUES (13, 13);
INSERT INTO Favori (ClientId, CategorieSousCategorieId) VALUES (14, 14);
INSERT INTO Favori (ClientId, CategorieSousCategorieId) VALUES (15, 15);
INSERT INTO Favori (ClientId, CategorieSousCategorieId) VALUES (16, 31);
INSERT INTO Favori (ClientId, CategorieSousCategorieId) VALUES (17, 32);
INSERT INTO Favori (ClientId, CategorieSousCategorieId) VALUES (18, 33);
INSERT INTO Favori (ClientId, CategorieSousCategorieId) VALUES (19, 34);
INSERT INTO Favori (ClientId, CategorieSousCategorieId) VALUES (20, 35);
INSERT INTO Favori (ClientId, CategorieSousCategorieId) VALUES (21, 36);
INSERT INTO Favori (ClientId, CategorieSousCategorieId) VALUES (22, 37);
INSERT INTO Favori (ClientId, CategorieSousCategorieId) VALUES (23, 38);
INSERT INTO Favori (ClientId, CategorieSousCategorieId) VALUES (24, 39);
INSERT INTO Favori (ClientId, CategorieSousCategorieId) VALUES (25, 40);
INSERT INTO Favori (ClientId, CategorieSousCategorieId) VALUES (26, 41);
INSERT INTO Favori (ClientId, CategorieSousCategorieId) VALUES (27, 42);
INSERT INTO Favori (ClientId, CategorieSousCategorieId) VALUES (28, 43);
INSERT INTO Favori (ClientId, CategorieSousCategorieId) VALUES (29, 44);
INSERT INTO Favori (ClientId, CategorieSousCategorieId) VALUES (30, 45);

INSERT INTO CentreDInteret (ClientId, CategorieSousCategorieId) VALUES (1, 31);
INSERT INTO CentreDInteret (ClientId, CategorieSousCategorieId) VALUES (2, 32);
INSERT INTO CentreDInteret (ClientId, CategorieSousCategorieId) VALUES (3, 33);
INSERT INTO CentreDInteret (ClientId, CategorieSousCategorieId) VALUES (4, 34);
INSERT INTO CentreDInteret (ClientId, CategorieSousCategorieId) VALUES (5, 35);
INSERT INTO CentreDInteret (ClientId, CategorieSousCategorieId) VALUES (6, 36);
INSERT INTO CentreDInteret (ClientId, CategorieSousCategorieId) VALUES (7, 37);
INSERT INTO CentreDInteret (ClientId, CategorieSousCategorieId) VALUES (8, 38);
INSERT INTO CentreDInteret (ClientId, CategorieSousCategorieId) VALUES (9, 39);
INSERT INTO CentreDInteret (ClientId, CategorieSousCategorieId) VALUES (10, 40);
INSERT INTO CentreDInteret (ClientId, CategorieSousCategorieId) VALUES (11, 41);
INSERT INTO CentreDInteret (ClientId, CategorieSousCategorieId) VALUES (12, 42);
INSERT INTO CentreDInteret (ClientId, CategorieSousCategorieId) VALUES (13, 43);
INSERT INTO CentreDInteret (ClientId, CategorieSousCategorieId) VALUES (14, 44);
INSERT INTO CentreDInteret (ClientId, CategorieSousCategorieId) VALUES (15, 45);
INSERT INTO CentreDInteret (ClientId, CategorieSousCategorieId) VALUES (16, 46);
INSERT INTO CentreDInteret (ClientId, CategorieSousCategorieId) VALUES (17, 47);
INSERT INTO CentreDInteret (ClientId, CategorieSousCategorieId) VALUES (18, 48);
INSERT INTO CentreDInteret (ClientId, CategorieSousCategorieId) VALUES (19, 49);
INSERT INTO CentreDInteret (ClientId, CategorieSousCategorieId) VALUES (20, 50);
INSERT INTO CentreDInteret (ClientId, CategorieSousCategorieId) VALUES (21, 51);
INSERT INTO CentreDInteret (ClientId, CategorieSousCategorieId) VALUES (22, 52);
INSERT INTO CentreDInteret (ClientId, CategorieSousCategorieId) VALUES (23, 53);
INSERT INTO CentreDInteret (ClientId, CategorieSousCategorieId) VALUES (24, 54);
INSERT INTO CentreDInteret (ClientId, CategorieSousCategorieId) VALUES (25, 55);
INSERT INTO CentreDInteret (ClientId, CategorieSousCategorieId) VALUES (26, 56);
INSERT INTO CentreDInteret (ClientId, CategorieSousCategorieId) VALUES (27, 57);
INSERT INTO CentreDInteret (ClientId, CategorieSousCategorieId) VALUES (28, 58);
INSERT INTO CentreDInteret (ClientId, CategorieSousCategorieId) VALUES (29, 59);
INSERT INTO CentreDInteret (ClientId, CategorieSousCategorieId) VALUES (30, 60);

